Event,Relation,Action
造成高速公路、普通国道交通中断，出现大量车辆积压，并影响到周边省域高速公路、普通国道正常运行，且抢修、处置时间预计在48小时以上,triggers,特别重大事件（I级）
造成国省道特大桥梁、特长隧道垮塌，或者造成公路桥梁、隧道、边坡等构造物垮塌并导致30人以上死亡或者失踪,triggers,特别重大事件（I级）
因重要物资缺乏等原因可能严重影响全国或者大片区域经济整体运行和人民正常生活，需要紧急安排跨省域公路应急通行保障,triggers,特别重大事件（I级）
其他需要由交通运输部提供公路交通应急保障,triggers,特别重大事件（I级）
造成国道、省道交通中断，出现大量车辆积压，且抢修、处置时间预计在24小时以上的,triggers,重大事件（Ⅱ级）
因公路交通突发事件导致重要客运枢纽运行中断，造成大量旅客滞留，恢复运行及人员疏散预计在24小时以上的,triggers,重大事件（Ⅱ级）
造成国省道大桥、中长隧道发生垮塌、火灾、爆炸等安全事件，或者造成公路桥梁、隧道、边坡等构造物垮塌并导致10人以上30人以下死亡或者失踪,triggers,重大事件（Ⅱ级）
公路工程建设、道路运输（营运车辆）、道路运输站（场）发生一次10人以上30人以下死亡（失踪），或者50人以上100人以下重伤,triggers,重大事件（Ⅱ级）
危险货物（含剧毒品）在公路运输中发生爆炸、泄漏，造成10人以上30人以下死亡，或者50人以上100人以下中毒（重伤），或造成道路环境污染、县级城市集中式饮用水水源地取水中断或区域生态破坏,triggers,重大事件（Ⅱ级）
因重要物资缺乏等原因可能严重影响省域内经济整体运行和人民正常生活，需要紧急安排跨市域公路应急通行保障,triggers,重大事件（Ⅱ级）
其他需要由本省提供公路交通应急保障,triggers,重大事件（Ⅱ级）
造成国道、省道交通中断，出现车辆积压，且抢修、处置时间预计在6小时以上的,triggers,较大事件（Ⅲ级）
造成县道、乡道交通中断，出现车辆积压，且抢修、处置时间预计在24小时以上的,triggers,较大事件（Ⅲ级）
造成国省道中桥、短隧道或者县道、乡道中型以上桥梁、隧道发生垮塌，或者造成公路桥梁、隧道、边坡等构造物垮塌并导致3人以上10人以下死亡或者失踪,triggers,较大事件（Ⅲ级）
公路工程建设、道路运输（营运车辆）、道路运输站（场）发生一次3人以上10人以下死亡（失踪），或者10人以上50人以下重伤,triggers,较大事件（Ⅲ级）
危险货物（含剧毒品）在公路运输中发生爆炸、泄漏，造成3人以上10人以下死亡，或者10人以上50人以下中毒（重伤），或造成道路环境污染、乡镇集中式饮用水水源地取水中断或区域生态破坏,triggers,较大事件（Ⅲ级）
因重要物资缺乏等原因可能严重影响市域内经济整体运行和人民正常生活，需要紧急安排跨县域公路应急通行保障,triggers,较大事件（Ⅲ级）
其他需要由本市提供公路交通应急保障,triggers,较大事件（Ⅲ级）
造成县道、乡道交通中断，出现车辆积压，且抢修、处置时间预计在12小时以上的,triggers,一般事件（Ⅳ级）
造成国道、省道、县道、乡道桥梁、隧道发生垮塌，或者造成公路桥梁、隧道、边坡等构造物垮塌并导致3人以下死亡或者失踪,triggers,一般事件（Ⅳ级）
公路工程建设、道路运输（营运车辆）、道路运输站（场）发生一次3人以下死亡（失踪），或者10人以下重伤,triggers,一般事件（Ⅳ级）
危险货物（含剧毒品）在公路运输中发生爆炸、泄漏，造成3人以下死亡，或者10人以下中毒（重伤），或造成道路环境污染与生态破坏,triggers,一般事件（Ⅳ级）
因重要物资缺乏等原因可能严重影响县域内经济整体运行和人民正常生活，需要在县域内紧急安排公路应急通行保障,triggers,一般事件（Ⅳ级）
其他需要由区县级提供公路交通应急保障,triggers,一般事件（Ⅳ级）
特别重大事件（I级）,requires,启动应急预案
特别重大事件（I级）,requires,组织成员单位对遇险人员进行紧急援救
特别重大事件（I级）,requires,协调部队参加抢险救灾
重大事件（Ⅱ级）,requires,启动应急预案
重大事件（Ⅱ级）,requires,组织成员单位对遇险人员进行紧急援救
重大事件（Ⅱ级）,requires,协调部队参加抢险救灾
较大事件（Ⅲ级）,requires,启动应急预案
较大事件（Ⅲ级）,requires,组织成员单位对遇险人员进行紧急援救
较大事件（Ⅲ级）,requires,协调部队参加抢险救灾
一般事件（Ⅳ级）,requires,指导区县政府、西咸新区及各开发区管委会开展应急处置工作
公路交通突发事件等级,triggers,市公路交通应急指挥部启动应急响应
公路交通突发事件等级,triggers,市公路交通应急指挥部办公室提出启动Ⅲ级预警和应急响应行动建议
公路交通突发事件等级,triggers,指挥各区县（开发区）公路交通应急指挥机构做好处置工作
公路交通突发事件等级,triggers,汇总、整理信息，向市公路交通应急指挥部报告，并通报各成员单位
公路交通突发事件等级,triggers,组织有关部门和专家分析研究情况和发展趋势，提出对策
公路交通突发事件等级,triggers,向市公路交通应急指挥部提交应急处置总结报告
公路交通突发事件等级,triggers,指导各区县（开发区）公路交通突发事件应急培训和应急演练
公路交通突发事件等级,requires,贯彻落实省委、省政府及市委、市政府和交通运输部、省交通运输厅关于处置公路交通突发事件应急工作的指示和要求
公路交通突发事件等级,requires,贯彻落实市公路交通应急指挥部的指示要求
公路交通突发事件等级,requires,组织协调市公路交通突发事件预防预警工作
公路交通突发事件等级,requires,组织协调应急处置及事后调查评估工作
公路交通突发事件等级,requires,协调市公路交通应急指挥部成员单位之间的工作
公路交通突发事件等级,requires,指挥各区县（开发区）公路交通应急指挥机构做好公路交通突发事件的处置工作
公路交通突发事件等级,requires,汇总、整理信息，及时向市公路交通应急指挥部报告，并通报各成员单位
公路交通突发事件等级,requires,组织有关部门和专家分析研究公路交通突发事件情况和发展趋势，提出对策
公路交通突发事件等级,requires,向市公路交通应急指挥部提交应急处置总结报告
公路交通突发事件等级,requires,指导各区县（开发区）公路交通突发事件应急培训和应急演练
公路交通突发事件等级,requires,市委宣传部配合事件调查处理部门及时发布权威信息
公路交通突发事件等级,requires,市委宣传部指导市级媒体做好公路交通突发事件的新闻报道、解释疑惑、澄清事实和谣言等舆论引导工作
公路交通突发事件等级,requires,市委网信办负责指导有关部门做好公路交通突发事件网上宣传引导和舆情处置工作
公路交通突发事件等级,requires,市委网信办加强应对公路交通突发事件知识技能的网上宣传
公路交通突发事件等级,requires,市委网信办依法依规查处屏蔽网上相关违法不良信息
公路交通突发事件等级,requires,市委外办配合相关部门对公路交通事故造成的涉外、涉港澳人员伤亡情况进行协调处置
公路交通突发事件等级,requires,市发改委负责组织协调市公路交通突发事件应急救援所需救灾物资的储备、发放工作
公路交通突发事件等级,requires,市发改委安排应对公路交通突发事件重点投资项目，协调和衔接有关投资计划
公路交通突发事件等级,requires,市工信局负责协调各通信运营商做好应急通信保障工作
公路交通突发事件等级,requires,市公安局负责事故现场警戒和治安保障
公路交通突发事件等级,requires,市公安局负责交通管制、处置交通事故、疏导交通、维护交通秩序，保障道路交通安全
公路交通突发事件等级,requires,市公安局必要时负责组织人员撤离或物资转移
公路交通突发事件等级,requires,市民政局按照规定将符合条件的受伤人员及遇难者家属纳入社会救助范围
公路交通突发事件等级,requires,市民政局协助相关部门做好亡故人员的遗体接运
公路交通突发事件等级,requires,市民政局协助相关部门做好善后处理工作
公路交通突发事件等级,requires,市财政局负责公路交通突发事件应急处置与救援工作中由市本级财政承担的经费保障和监督管理工作
公路交通突发事件等级,requires,市财政局督促协调各级财政部门将应急运输保障队伍建设、应急物资征用补偿和突发事件受损公路交通基础设施建设、受灾工程修复等资金纳入同级政府预算
公路交通突发事件等级,requires,市人社局负责为公路交通突发事件中遭受事故伤害的救援人员，进行工伤认定和劳动能力鉴定，并由工伤保险基金与用人单位共同为已参加工伤保险的救援人员支付工伤保险待遇
公路交通突发事件等级,requires,市资源规划局协助有关部门做好公路交通沿线地质灾害应急技术支撑工作
公路交通突发事件等级,requires,市资源规划局及时提供地质灾害的预警预报信息
公路交通突发事件等级,requires,市资源规划局组织和指导做好突发地质灾害应急调查
公路交通突发事件等级,requires,市资源规划局监督地质灾害防治措施落实
公路交通突发事件等级,requires,市资源规划局协调事发地区县政府（开发区管委会）做好灾后恢复公路交通的用地保障
公路交通突发事件等级,requires,市生态环境局参与突发公路交通事故引发的次生环境污染的应急处置和应急监测工作
公路交通突发事件等级,requires,市生态环境局负责对事故区域有关环境指标进行监测，并采取相关措施减轻污染危害
公路交通突发事件等级,requires,市生态环境局提出防止发生公路交通突发事件衍生环境污染事件的建议
公路交通突发事件等级,requires,市住建局负责协调具有相应资质的房屋安全鉴定机构依据相关规定对受公路交通事故影响的公路沿线的房屋建筑物进行房屋安全鉴定
公路交通突发事件等级,requires,市交通局负责组织应急调查、核查公路交通突发事件发生的时间、地点、规模、潜在危害
公路交通突发事件等级,requires,市交通局负责组织公路抢险保通、恢复通行能力
公路交通突发事件等级,requires,市交通局负责提供公路应急通行保障
公路交通突发事件等级,requires,市水务局负责组织协调水务相关应急工作
公路交通突发事件等级,requires,市商务局负责组织协调商务相关应急工作
公路交通突发事件等级,requires,市文化旅游局负责组织协调文化旅游相关应急工作
公路交通突发事件等级,requires,市卫生健康委负责组织医疗卫生应急专业技术队伍，及时赶赴现场开展医疗救助工作
公路交通突发事件等级,requires,市卫生健康委依托医疗机构急救中心急救车辆，保证受伤人员的快速转运
公路交通突发事件等级,requires,市应急管理局负责组织协调应急相关工作
公路交通突发事件等级,requires,市国资委负责组织协调国资相关应急工作
公路交通突发事件等级,requires,市气象局负责对事故现场及周边区域的气象进行实时监测和预报
公路交通突发事件等级,requires,市地震局负责组织协调地震相关应急工作
公路交通突发事件等级,requires,市无委办负责组织协调无线电相关应急工作
公路交通突发事件等级,requires,西安警备区负责协调部队支援地方处置
公路交通突发事件等级,requires,武警西安支队负责协调武警支援地方处置
公路交通突发事件等级,requires,西安武警交通第五支队负责协调武警交通部队支援地方处置
公路交通突发事件等级,requires,市消防救援支队负责破拆抢救受伤、受困人员，对事故车辆进行灭火，堵漏、稀释有害物质等施救工作
公路交通突发事件等级,requires,国网西安供电公司负责组织协调电力供应保障
公路交通突发事件等级,requires,中国铁路西安局集团有限公司负责组织协调铁路相关应急工作
公路交通突发事件等级,requires,中国铁塔西安分公司负责组织协调通信保障
公路交通突发事件等级,requires,中国电信西安分公司负责组织协调通信保障
公路交通突发事件等级,requires,中国移动西安分公司负责组织协调通信保障
公路交通突发事件等级,requires,中国联通西安分公司负责组织协调通信保障
公路交通突发事件等级,requires,陕西广电网络西安分公司负责组织协调广电网络保障
公路交通事故险情排除，公路交通恢复通畅,triggers,应急结束
现场抢救活动结束,triggers,应急结束
公路交通突发事件所造成的大规模污染损害得到控制和消除,triggers,应急结束
涉险人员安全离开危险区并得到妥善安置,triggers,应急结束
公路交通突发事件的危害已彻底消除或已有效控制，相关风险全部排除,triggers,应急结束
公路交通突发事件应急响应结束后,triggers,善后处置组组织公路交通突发事件的善后处置工作
公路交通突发事件应急响应结束后,triggers,慰问受伤人员和死亡人员家属
公路交通突发事件应急响应结束后,triggers,统计和抚恤殉职和伤亡人员
公路交通突发事件应急响应结束后,triggers,收集、清理和处置事故现场有毒有害物质
公路交通突发事件应急响应结束后,triggers,鉴定评估受损车辆及道路设施
公路交通突发事件应急响应结束后,triggers,督导保险机构做好理赔工作
公路交通突发事件扩大响应时,triggers,善后处置工作应在上级政府部门的领导下开展
公路交通突发事件应急救援期间紧急征用的物品,triggers,市级各有关部门和相关区县政府（开发区管委会）应依法及时归还
公路交通突发事件应急救援期间紧急征用的物品,triggers,给予应急处置人员适当补助、征用物资补偿等
公路交通突发事件应急处置工作结束后,triggers,宣布启动应急响应的市、区县（开发区）两级公路交通突发事件应急指挥机构要尽快作出客观、公正、全面的调查评估报告
公路交通突发事件应急处置工作结束后,triggers,参加应急救援行动的有关部门要积极协助调查工作
公路交通突发事件应急处置工作结束后,triggers,真实地提供各种记录
公路交通突发事件应急处置工作结束后,triggers,调查评估报告包括事件的基本情况、事件原因分析、事件结论、事件处置的经验、教训及改进的建议、应急预案效果评估情况和应急预案的改进建议、必要的附件
公路交通突发事件发生,triggers,建立健全应急救援通信设施系统
公路交通突发事件发生,triggers,建立有线和无线相结合、基础电信网络与机动通信系统相配套的应急通信系统
公路交通突发事件发生,triggers,利用现代通信手段，通过有线电话、卫星电话、移动手机、无线电台和互联网络等多种形式，确保在事件发生时通信畅通
公路交通突发事件发生,triggers,将西安武警交通第五支队纳入市公路交通突发事件专业应急队伍
公路交通突发事件发生,triggers,其他市级专业应急救援队伍和各区县、开发区的专业应急救援队伍应加强协调配合
公路交通突发事件发生,triggers,构建以国省干线公路、县乡公路养护管理机构、路政管理机构、公路经营管理单位、公路养护工程企业为主体的公路交通应急抢通保障队伍
公路交通突发事件发生,triggers,由市公路交通应急指挥部办公室统一调度，实施应急抢险保通工作
公路交通突发事件发生,triggers,各级交通主管部门要在本行政区域内选择具有一定规模的道路客货运输企业，与其签订车辆调用协议
公路交通突发事件发生,triggers,确定从事应急运输的人员，组建应急运输保障队伍
公路交通突发事件发生,triggers,由市公路交通应急指挥部办公室负责调用，保障各类重点物资、抢险救灾物资的运输和人员的疏散
市政府、各区县政府、西咸新区及各开发区管委会根据当地实际情况,triggers,负责做好公路、桥梁、隧道抢修应急物资的储备工作
市政府、各区县政府、西咸新区及各开发区管委会根据当地实际情况,triggers,明确物资储备的部门，制定物资储备管理制度，并将物资储备的费用纳入同级财政预算
市政府、各区县政府、西咸新区及各开发区管委会根据当地实际情况,triggers,建立社会应急物资储备机构，采取租赁和购置相结合的方法，储备一定数量的应急物资
市政府、各区县政府、西咸新区及各开发区管委会根据当地实际情况,triggers,建立社会应急物资储备机制，采取租赁和购置相结合的方式，储备一定数量的抢通机械
公路交通突发事件应急救援需要,triggers,市、区县政府、西咸新区及各开发区管委会要根据公路交通突发事件应急救援需要，统筹安排公路交通突发事件应急救援专项资金和应急培训、演练所需经费
公路交通突发事件应急救援需要,triggers,各级财政部门要将其纳入财政预算并予以保障
公路交通突发事件应急救援需要,triggers,各级财政、交通运输及审计部门要加强资金监管，专款专用，提高资金使用效益
紧急情况下,triggers,市交通局牵头，建立健全应急通行机制，保障紧急情况下应急交通工具的优先安排、优先调度、优先放行，确保运输安全畅通
紧急情况下,triggers,保障应急救援人员、物资、装备、器材等及时输送，保障遇险人员的及时转运
紧急情况下,triggers,公安部门要加强应急处置期间交通管理，组织开设应急救援运送通道，保障应急救援车辆优先通过、物资输送畅通，做好交通疏导
公路交通突发事件事发地,triggers,公安部门负责做好公路交通突发事件事发地治安管理工作，依法打击违法行为，维护事发地治安秩序
事发地的实际情况和突发事件特点,triggers,由事发地区县政府（开发区管委会）动员和组织社会力量参与
专业救助力量不能满足救助需求时,triggers,由事发地区县政府（开发区管委会）动员和组织社会力量参与
专业救助力量不能满足救助需求时,triggers,必要时可依法征用运输车辆、物资设备、工作人员投入抢险救援工作
市交通局负责制定本预案的宣传、教育和培训计划,triggers,通过广播、电视、报纸、互联网等新闻媒体，广泛宣传应急法律法规和预防、避险、避灾、自救、互救等常识，不断提高相关单位和社会公众应对公路交通突发事件的能力
市及各区县（开发区）交通运输机构负责组织编写公路交通突发事件应急处置培训内容,triggers,组织公路交通有关人员的上岗前培训、常规性培训，将公路交通突发事件处置培训纳入日常管理工作并作为年度考核指标
市及各区县（开发区）交通运输机构负责组织编写公路交通突发事件应急处置培训内容,triggers,对市级公路交通有关工作人员每年培训不少于1次；应急救援队伍每年培训不少于2次，并依据培训记录和考核成绩对人员实施动态管理，提高公路交通应急保障人员的业务素质和专业技能
由市交通局牵头，建立健全公路交通事故应急处置联动机制,triggers,会同各相关单位定期组织开展市级层面公路交通突发事件应急预案演练
由市交通局牵头，建立健全公路交通事故应急处置联动机制,triggers,应急演练每年至少组织一次，由市公路交通应急指挥部办公室负责制定演练方案，与市应急管理局沟通后组织实施，做好跨部门之间的协调配合及通信联络，确保应急状态下的有效沟通和统一指挥
由市交通局牵头，建立健全公路交通事故应急处置联动机制,triggers,做好演练评估工作，通过应急演练，锻炼应急队伍，改进和完善应急预案
本预案由市交通局会同市级有关部门修订,triggers,经市政府批准后发布实施，根据实际情况变化和《西安市应急预案管理办法》规定，有下列情形之一时，应及时予以修订：有关法律、法规、规章、标准、上位预案中的有关规定发生变化的；应急指挥机构及其职责发生重大调整的；面临的风险发生重大变化的；重要应急资源发生重大变化的；在突发事件实际应对和应急演练中发现问题需要作出重大调整的；市交通局认为应当修订的其他情况
本预案由市交通局牵头组织编制,triggers,报市政府批准后实施，并向市应急管理局备案
各区县政府、西咸新区及各开发区管委会应根据本预案制定本区域公路交通突发事件应急预案,triggers,根据形势变化和实际需要，及时修订完善，经本级应急管理部门备案后抄送市交通局
公路交通突发事件应急处置工作实行行政领导负责制和责任追究制,triggers,公民参加公路交通突发事件应急救援工作或者协助维护社会秩序期间，其在本单位的工资待遇和福利不变；表现突出、成绩显著的，由县级以上人民政府按规定给予表彰或者奖励
公路交通突发事件应急处置工作实行行政领导负责制和责任追究制,triggers,对迟报、谎报、瞒报和漏报重要信息或者应急处置工作中有其他失职、渎职行为，造成严重影响和重大损失的，按有关规定对有关责任人给予处分；涉嫌犯罪的，依法追究刑事责任
公路交通突发事件应急预案,based_on,《中华人民共和国突发事件应对法》
公路交通突发事件应急预案,based_on,《中华人民共和国安全生产法》
公路交通突发事件应急预案,based_on,《公路安全保护条例》
公路交通突发事件应急预案,based_on,《突发事件应急预案管理办法》
公路交通突发事件应急预案,based_on,《陕西省突发事件应急预案管理办法》
公路交通突发事件应急预案,based_on,《陕西省突发事件预警信息发布管理暂行办法》
公路交通突发事件应急预案,based_on,《陕西省公路交通突发事件应急预案》
公路交通突发事件应急预案,based_on,《西安市应急预案管理办法（修订稿）》
公路交通突发事件应急预案,based_on,《西安市突发事件应急指挥与处置管理办法》
公路交通突发事件应急预案,based_on,《西安市突发事件总体应急预案》
机动车经公安机关交通管理部门登记后,triggers,上道路行驶
尚未登记的机动车，需要临时上道路行驶,triggers,取得临时通行牌证
申请机动车登记,triggers,提交机动车所有人的身份证明；机动车来历证明；机动车整车出厂合格证明或者进口机动车进口凭证；车辆购置税的完税证明或者免税凭证；法律、行政法规规定应当在机动车登记时提交的其他证明、凭证
申请机动车登记,triggers,公安机关交通管理部门应当自受理申请之日起五个工作日内完成机动车登记审查工作，对符合规定条件的，应当发放机动车登记证书、号牌和行驶证
机动车号牌、行驶证的式样,based_on,国务院公安部门规定并监制
准予登记的机动车,triggers,符合机动车国家安全技术标准
申请机动车登记,triggers,接受对该机动车的安全技术检验
经国家机动车产品主管部门依据机动车国家安全技术标准认定的企业生产的机动车型，该车型的新车在出厂时经检验符合机动车国家安全技术标准，获得检验合格证,triggers,免予安全技术检验
驾驶机动车上道路行驶,triggers,悬挂机动车号牌，放置检验合格标志、保险标志，并随车携带机动车行驶证
机动车号牌,triggers,按照规定悬挂并保持清晰、完整，不得故意遮挡、污损
机动车所有权发生转移,triggers,办理相应的登记
机动车登记内容变更,triggers,办理相应的登记
机动车用作抵押,triggers,办理相应的登记
机动车报废,triggers,办理相应的登记
登记后上道路行驶的机动车,triggers,根据车辆用途、载客载货数量、使用年限等不同情况，定期进行安全技术检验
提供机动车行驶证和机动车第三者责任强制保险单,triggers,机动车安全技术检验机构应当予以检验
符合机动车国家安全技术标准的,triggers,公安机关交通管理部门应当发给检验合格标志
机动车安全技术检验实行社会化,based_on,国务院规定
机动车安全技术检验机构对机动车检验收取费用,triggers,严格执行国务院价格主管部门核定的收费标准
达到报废标准的机动车,triggers,及时办理注销登记
达到报废标准的机动车,triggers,不得上道路行驶
报废的大型客、货车及其他营运车辆,triggers,在公安机关交通管理部门的监督下解体
警车、消防车、救护车、工程救险车,triggers,按照规定喷涂标志图案，安装警报器、标志灯具
其他机动车,triggers,不得喷涂、安装、使用上述车辆专用的或者与其相类似的标志图案、警报器或者标志灯具
警车、消防车、救护车、工程救险车,triggers,严格按照规定的用途和条件使用
公路监督检查的专用车辆,triggers,依照公路法的规定，设置统一的标志和示警灯
拼装机动车或者擅自改变机动车已登记的结构、构造或者特征,triggers,禁止行为
改变机动车型号、发动机号、车架号或者车辆识别代号,triggers,禁止行为
伪造、变造或者使用伪造、变造的机动车登记证书、号牌、行驶证、检验合格标志、保险标志,triggers,禁止行为
使用其他机动车的登记证书、号牌、行驶证、检验合格标志、保险标志,triggers,禁止行为
机动车,triggers,实行机动车第三者责任强制保险制度，设立道路交通事故社会救助基金
机动车第三者责任强制保险制度,based_on,国务院规定
依法应当登记的非机动车,triggers,经公安机关交通管理部门登记后，方可上道路行驶
依法应当登记的非机动车的种类,based_on,省、自治区、直辖市人民政府根据当地实际情况规定
非机动车的外形尺寸、质量、制动器、车铃和夜间反光装置,triggers,符合非机动车安全技术标准
驾驶机动车,triggers,依法取得机动车驾驶证
申请机动车驾驶证,triggers,符合国务院公安部门规定的驾驶许可条件；经考试合格后，由公安机关交通管理部门发给相应类别的机动车驾驶证
持有境外机动车驾驶证的人，符合国务院公安部门规定的驾驶许可条件，经公安机关交通管理部门考核合格,triggers,可以发给中国的机动车驾驶证
驾驶人,triggers,按照驾驶证载明的准驾车型驾驶机动车；驾驶机动车时，应当随身携带机动车驾驶证
机动车的驾驶培训实行社会化,triggers,由交通运输主管部门对驾驶培训学校、驾驶培训班实行备案管理，并对驾驶培训活动加强监督
专门的拖拉机驾驶培训学校、驾驶培训班,triggers,由农业（农业机械）主管部门实行监督管理
驾驶培训学校、驾驶培训班,triggers,严格按照国家有关规定，对学员进行道路交通安全法律、法规、驾驶技能的培训，确保培训质量
驾驶人驾驶机动车上道路行驶前,triggers,对机动车的安全技术性能进行认真检查
不得驾驶安全设施不全或者机件不符合技术标准等具有安全隐患的机动车,triggers,禁止行为
机动车驾驶人,triggers,遵守道路交通安全法律、法规的规定，按照操作规范安全驾驶、文明驾驶
饮酒、服用国家管制的精神药品或者麻醉药品，或者患有妨碍安全驾驶机动车的疾病，或者过度疲劳影响安全驾驶,triggers,不得驾驶机动车
任何人,triggers,不得强迫、指使、纵容驾驶人违反道路交通安全法律、法规和机动车安全驾驶要求驾驶机动车
机动车驾驶证,triggers,公安机关交通管理部门依照法律、行政法规的规定，定期对机动车驾驶证实施审验
机动车驾驶人违反道路交通安全法律、法规的行为,triggers,公安机关交通管理部门对机动车驾驶人违反道路交通安全法律、法规的行为，除依法给予行政处罚外，实行累积记分制度
累积记分达到规定分值的机动车驾驶人,triggers,公安机关交通管理部门扣留机动车驾驶证，对其进行道路交通安全法律、法规教育，重新考试；考试合格的，发还其机动车驾驶证
遵守道路交通安全法律、法规，在一年内无累积记分的机动车驾驶人,triggers,可以延长机动车驾驶证的审验期
交通信号灯、交通标志、交通标线的设置,triggers,符合道路交通安全、畅通的要求和国家标准，并保持清晰、醒目、准确、完好
增设、调换、更新限制性的道路交通信号,triggers,提前向社会公告，广泛进行宣传
铁路与道路平面交叉的道口,triggers,设置警示灯、警示标志或者安全防护设施
无人看守的铁路道口,triggers,在距道口一定距离处设置警示标志
任何单位和个人,triggers,不得擅自设置、移动、占用、损毁交通信号灯、交通标志、交通标线
道路两侧及隔离带上种植的树木或者其他植物，设置的广告牌、管线等,triggers,与交通设施保持必要的距离，不得遮挡路灯、交通信号灯、交通标志，不得妨碍安全视距，不得影响通行
道路、停车场和道路配套设施的规划、设计、建设,triggers,符合道路交通安全、畅通的要求，并根据交通需求及时调整
已经投入使用的道路存在交通事故频发路段，或者停车场、道路配套设施存在交通安全严重隐患,triggers,公安机关交通管理部门应当及时向当地人民政府报告，并提出防范交通事故、消除隐患的建议，当地人民政府应当及时作出处理决定
道路出现坍塌、坑漕、水毁、隆起等损毁或者交通信号灯、交通标志、交通标线等交通设施损毁、灭失,triggers,道路、交通设施的养护部门或者管理部门应当设置警示标志并及时修复
道路出现坍塌、坑漕、水毁、隆起等损毁或者交通信号灯、交通标志、交通标线等交通设施损毁、灭失，危及交通安全，尚未设置警示标志,triggers,公安机关交通管理部门应当及时采取安全措施，疏导交通，并通知道路、交通设施的养护部门或者管理部门
任何单位和个人,triggers,不得占用道路从事非交通活动
因工程建设需要占用、挖掘道路，或者跨越、穿越道路架设、增设管线设施,triggers,事先征得道路主管部门的同意；影响交通安全的，还应当征得公安机关交通管理部门的同意
施工作业单位,triggers,在经批准的路段和时间内施工作业，并在距离施工作业地点来车方向安全距离处设置明显的安全警示标志，采取防护措施
施工作业完毕,triggers,迅速清除道路上的障碍物，消除安全隐患，经道路主管部门和公安机关交通管理部门验收合格，符合通行要求后，方可恢复通行
对未中断交通的施工作业道路,triggers,公安机关交通管理部门应当加强交通安全监督检查，维护道路交通秩序
新建、改建、扩建的公共建筑、商业街区、居住区、大（中）型建筑等,triggers,配建、增建停车场；停车泊位不足的，应当及时改建或者扩建
投入使用的停车场,triggers,不得擅自停止使用或者改作他用
在城市道路范围内，在不影响行人、车辆通行的情况下,triggers,政府有关部门可以施划停车泊位
学校、幼儿园、医院、养老院门前的道路没有行人过街设施,triggers,应当施划人行横道线，设置提示标志
城市主要道路的人行道,triggers,应当按照规划设置盲道
人行道的隔离设施,triggers,应当完善防溢流措施
道路交通安全工作,based_on,《中华人民共和国道路交通安全法》
道路交通安全工作,based_on,《中华人民共和国道路交通安全法实施条例》
车辆驾驶人、行人、乘车人以及与道路交通活动有关的单位和个人,triggers,遵守本法
道路交通安全工作,triggers,遵循依法管理、方便群众的原则，保障道路交通有序、安全、畅通
县级以上地方各级人民政府,triggers,适应道路交通发展的需要，依据道路交通安全法律、法规和国家有关政策，制定道路交通安全管理规划，并组织实施
国务院公安部门,triggers,负责全国道路交通安全管理工作
县级以上地方各级人民政府公安机关交通管理部门,triggers,负责本行政区域内的道路交通安全管理工作
县级以上各级人民政府交通、建设管理部门,triggers,依据各自职责，负责有关的道路交通工作
各级人民政府,triggers,经常进行道路交通安全教育，提高公民的道路交通安全意识
公安机关交通管理部门及其交通警察执行职务时,triggers,加强道路交通安全法律、法规的宣传，并模范遵守道路交通安全法律、法规
机关、部队、企业事业单位、社会团体以及其他组织,triggers,对本单位的人员进行道路交通安全教育
教育行政部门、学校,triggers,将道路交通安全教育纳入法制教育的内容
新闻、出版、广播、电视等有关单位,triggers,进行道路交通安全教育的义务
对道路交通安全管理工作,triggers,加强科学研究，推广、使用先进的管理方法、技术、设备
国家对机动车,triggers,实行登记制度
任何单位或者个人,triggers,不得发放机动车号牌或者要求机动车悬挂其他号牌
机动车登记证书、号牌、行驶证的式样,triggers,由国务院公安部门规定并监制
机动车,triggers,应当符合机动车国家安全技术标准
任何单位或者个人,triggers,不得收缴、扣留机动车号牌
机动车安全技术检验,triggers,实行社会化
任何单位,triggers,不得要求机动车到指定的场所进行检验
公安机关交通管理部门、机动车安全技术检验机构,triggers,不得要求机动车到指定的场所进行维修、保养
国家,triggers,实行机动车强制报废制度，根据机动车的安全技术状况和不同用途，规定不同的报废标准
应当报废的机动车,triggers,必须及时办理注销登记
任何单位或者个人,triggers,不得有拼装机动车或者擅自改变机动车已登记的结构、构造或者特征等行为
国家,triggers,实行机动车第三者责任强制保险制度，设立道路交通事故社会救助基金
依法应当登记的非机动车,triggers,经公安机关交通管理部门登记后，方可上道路行驶
公安机关交通管理部门以外的任何单位或者个人,triggers,不得收缴、扣留机动车驾驶证
任何国家机关以及驾驶培训和考试主管部门,triggers,不得举办或者参与举办驾驶培训学校、驾驶培训班
交通信号灯,triggers,由红灯、绿灯、黄灯组成。红灯表示禁止通行，绿灯表示准许通行，黄灯表示警示
任何单位和个人,triggers,不得擅自设置、移动、占用、损毁交通信号灯、交通标志、交通标线
道路两侧及隔离带上种植的树木或者其他植物，设置的广告牌、管线等,triggers,应当与交通设施保持必要的距离，不得遮挡路灯、交通信号灯、交通标志，不得妨碍安全视距，不得影响通行
任何单位和个人,triggers,不得占用道路从事非交通活动
施工作业单位,triggers,在经批准的路段和时间内施工作业，并在距离施工作业地点来车方向安全距离处设置明显的安全警示标志，采取防护措施
施工作业完毕,triggers,迅速清除道路上的障碍物，消除安全隐患，经道路主管部门和公安机关交通管理部门验收合格，符合通行要求后，方可恢复通行
对未中断交通的施工作业道路,triggers,公安机关交通管理部门应当加强交通安全监督检查，维护道路交通秩序
新建、改建、扩建的公共建筑、商业街区、居住区、大（中）型建筑等,triggers,应当配建、增建停车场；停车泊位不足的，应当及时改建或者扩建；投入使用的停车场不得擅自停止使用或者改作他用
在城市道路范围内，在不影响行人、车辆通行的情况下,triggers,政府有关部门可以施划停车泊位
学校、幼儿园、医院、养老院门前的道路没有行人过街设施,triggers,应当施划人行横道线，设置提示标志
城市主要道路的人行道,triggers,应当按照规划设置盲道
人行道的隔离设施,triggers,应当完善防溢流措施
上道路行驶的机动车未悬挂机动车号牌，未放置检验合格标志、保险标志，或者未随车携带行驶证、驾驶证,triggers,公安机关交通管理部门应当扣留机动车，通知当事人提供相应的牌证、标志或者补办相应手续
故意遮挡、污损或者不按规定安装机动车号牌,triggers,依照本法第九十条的规定予以处罚
伪造、变造或者使用伪造、变造的机动车登记证书、号牌、行驶证、驾驶证,triggers,由公安机关交通管理部门予以收缴，扣留该机动车，处十五日以下拘留，并处二千元以上五千元以下罚款
伪造、变造或者使用伪造、变造的检验合格标志、保险标志,triggers,由公安机关交通管理部门予以收缴，扣留该机动车，处十日以下拘留，并处一千元以上三千元以下罚款
使用其他车辆的机动车登记证书、号牌、行驶证、检验合格标志、保险标志,triggers,由公安机关交通管理部门予以收缴，扣留该机动车，处二千元以上五千元以下罚款
非法安装警报器、标志灯具,triggers,由公安机关交通管理部门强制拆除，予以收缴，并处二百元以上二千元以下罚款
机动车所有人、管理人未按照国家规定投保机动车第三者责任强制保险,triggers,由公安机关交通管理部门扣留车辆至依照规定投保后，并处依照规定投保最低责任限额应缴纳的保险费的二倍罚款
未取得机动车驾驶证、机动车驾驶证被吊销或者机动车驾驶证被暂扣期间驾驶机动车,triggers,由公安机关交通管理部门处二百元以上二千元以下罚款
将机动车交由未取得机动车驾驶证或者机动车驾驶证被吊销、暂扣的人驾驶,triggers,由公安机关交通管理部门处二百元以上二千元以下罚款
造成交通事故后逃逸，尚不构成犯罪,triggers,由公安机关交通管理部门处二百元以上二千元以下罚款
机动车行驶超过规定时速百分之五十,triggers,由公安机关交通管理部门处二百元以上二千元以下罚款
强迫机动车驾驶人违反道路交通安全法律、法规和机动车安全驾驶要求驾驶机动车，造成交通事故，尚不构成犯罪,triggers,由公安机关交通管理部门处二百元以上二千元以下罚款
违反交通管制的规定强行通行，不听劝阻,triggers,由公安机关交通管理部门处二百元以上二千元以下罚款
故意损毁、移动、涂改交通设施，造成危害后果，尚不构成犯罪,triggers,由公安机关交通管理部门处二百元以上二千元以下罚款
非法拦截、扣留机动车辆，不听劝阻，造成交通严重阻塞或者较大财产损失,triggers,由公安机关交通管理部门处二百元以上二千元以下罚款
驾驶拼装的机动车或者已达到报废标准的机动车上道路行驶,triggers,公安机关交通管理部门应当予以收缴，强制报废
驾驶拼装的机动车或者已达到报废标准的机动车上道路行驶,triggers,对驾驶人处二百元以上二千元以下罚款，并吊销机动车驾驶证
出售已达到报废标准的机动车,triggers,没收违法所得，处销售金额等额的罚款，对该机动车依照本条第一款的规定处理
违反道路交通安全法律、法规的规定，发生重大交通事故，构成犯罪,triggers,依法追究刑事责任，并由公安机关交通管理部门吊销机动车驾驶证
造成交通事故后逃逸,triggers,由公安机关交通管理部门吊销机动车驾驶证，且终生不得重新取得机动车驾驶证
六个月内发生二次以上特大交通事故负有主要责任或者全部责任的专业运输单位,triggers,由公安机关交通管理部门责令消除安全隐患，未消除安全隐患的机动车，禁止上道路行驶
国家机动车产品主管部门未按照机动车国家安全技术标准严格审查，许可不合格机动车型投入生产,triggers,对负有责任的主管人员和其他直接责任人员给予降级或者撤职的行政处分
机动车生产企业经国家机动车产品主管部门许可生产的机动车型，不执行机动车国家安全技术标准或者不严格进行机动车成品质量检验，致使质量不合格的机动车出厂销售,triggers,由质量技术监督部门依照《中华人民共和国产品质量法》的有关规定给予处罚
擅自生产、销售未经国家机动车产品主管部门许可生产的机动车型,triggers,没收非法生产、销售的机动车成品及配件，可以并处非法产品价值三倍以上五倍以下罚款；有营业执照的，由工商行政管理部门吊销营业执照，没有营业执照的，予以查封
生产、销售拼装的机动车或者生产、销售擅自改装的机动车,triggers,依照本条第三款的规定处罚
生产或者销售不符合机动车国家安全技术标准的机动车，构成犯罪,triggers,依法追究刑事责任
未经批准，擅自挖掘道路、占用道路施工或者从事其他影响道路交通安全活动,triggers,由道路主管部门责令停止违法行为，并恢复原状，可以依法给予罚款
未经批准，擅自挖掘道路、占用道路施工或者从事其他影响道路交通安全活动，致使通行的人员、车辆及其他财产遭受损失,triggers,依法承担赔偿责任
影响道路交通安全活动,triggers,公安机关交通管理部门可以责令停止违法行为，迅速恢复交通
道路施工作业或者道路出现损毁，未及时设置警示标志、未采取防护措施，或者应当设置交通信号灯、交通标志、交通标线而没有设置或者应当及时变更交通信号灯、交通标志、交通标线而没有及时变更，致使通行的人员、车辆及其他财产遭受损失,triggers,负有相关职责的单位应当依法承担赔偿责任
在道路两侧及隔离带上种植树木、其他植物或者设置广告牌、管线等，遮挡路灯、交通信号灯、交通标志，妨碍安全视距,triggers,由公安机关交通管理部门责令行为人排除妨碍；拒不执行的，处二百元以上二千元以下罚款，并强制排除妨碍，所需费用由行为人负担
对道路交通违法行为人予以警告、二百元以下罚款,triggers,交通警察可以当场作出行政处罚决定，并出具行政处罚决定书
当事人应当自收到罚款的行政处罚决定书之日起十五日内,triggers,到指定的银行缴纳罚款
对行人、乘车人和非机动车驾驶人的罚款，当事人无异议,triggers,可以当场予以收缴罚款
罚款,triggers,应当开具省、自治区、直辖市财政部门统一制发的罚款收据
当事人逾期不履行行政处罚决定,triggers,作出行政处罚决定的行政机关可以采取到期不缴纳罚款的，每日按罚款数额的百分之三加处罚款；申请人民法院强制执行
执行职务的交通警察认为应当对道路交通违法行为人给予暂扣或者吊销机动车驾驶证处罚,triggers,可以先予扣留机动车驾驶证，并在二十四小时内将案件移交公安机关交通管理部门处理
道路交通违法行为人应当在十五日内到公安机关交通管理部门接受处理,triggers,无正当理由逾期未接受处理的，吊销机动车驾驶证
公安机关交通管理部门暂扣或者吊销机动车驾驶证,triggers,应当出具行政处罚决定书
对违反本法规定予以拘留的行政处罚,triggers,由县、市公安局、公安分局或者相当于县一级的公安机关裁决
公安机关交通管理部门扣留机动车、非机动车,triggers,应当当场出具凭证，并告知当事人在规定期限内到公安机关交通管理部门接受处理
公安机关交通管理部门对被扣留的车辆,triggers,应当妥善保管，不得使用
逾期不来接受处理，并且经公告三个月仍不来接受处理,triggers,对扣留的车辆依法处理
暂扣机动车驾驶证的期限,triggers,从处罚决定生效之日起计算；处罚决定生效前先予扣留机动车驾驶证的，扣留一日折抵暂扣期限一日
吊销机动车驾驶证后重新申请领取机动车驾驶证,triggers,按照机动车驾驶证管理规定办理
公安机关交通管理部门根据交通技术监控记录资料,triggers,可以对违法的机动车所有人或者管理人依法予以处罚
对能够确定驾驶人,triggers,可以依照本法的规定依法予以处罚
交通警察有为不符合法定条件的机动车发放机动车登记证书、号牌、行驶证、检验合格标志等行为,triggers,依法给予行政处分
交通警察有批准不符合法定条件的机动车安装、使用警车、消防车、救护车、工程救险车的警报器、标志灯具，喷涂标志图案等行为,triggers,依法给予行政处分
交通警察有为不符合驾驶许可条件、未经考试或者考试不合格人员发放机动车驾驶证等行为,triggers,依法给予行政处分
交通警察有不执行罚款决定与罚款收缴分离制度或者不按规定将依法收取的费用、收缴的罚款及没收的违法所得全部上缴国库等行为,triggers,依法给予行政处分
交通警察有举办或者参与举办驾驶学校或者驾驶培训班、机动车修理厂或者收费停车场等经营活动等行为,triggers,依法给予行政处分
交通警察有利用职务上的便利收受他人财物或者谋取其他利益等行为,triggers,依法给予行政处分
交通警察有违法扣留车辆、机动车行驶证、驾驶证、车辆号牌等行为,triggers,依法给予行政处分
交通警察有使用依法扣留的车辆等行为,triggers,依法给予行政处分
交通警察有当场收取罚款不开具罚款收据或者不如实填写罚款额等行为,triggers,依法给予行政处分
交通警察有徇私舞弊，不公正处理交通事故等行为,triggers,依法给予行政处分
交通警察有故意刁难，拖延办理机动车牌证等行为,triggers,依法给予行政处分
交通警察有非执行紧急任务时使用警报器、标志灯具等行为,triggers,依法给予行政处分
交通警察有违反规定拦截、检查正常行驶的车辆等行为,triggers,依法给予行政处分
交通警察有非执行紧急公务时拦截搭乘机动车等行为,triggers,依法给予行政处分
交通警察有不履行法定职责等行为,triggers,依法给予行政处分
公安机关交通管理部门有上述行为,triggers,对直接负责的主管人员和其他直接责任人员给予相应的行政处分
依照本法第一百一十五条的规定，给予交通警察行政处分,triggers,在作出行政处分决定前，可以停止其执行职务；必要时，可以予以禁闭
依照本法第一百一十五条的规定，交通警察受到降级或者撤职行政处分,triggers,可以予以辞退
交通警察受到开除处分或者被辞退,triggers,应当取消警衔；受到撤职以下行政处分的交通警察，应当降低警衔
交通警察利用职权非法占有公共财物，索取、收受贿赂，或者滥用职权、玩忽职守，构成犯罪,triggers,依法追究刑事责任
公安机关交通管理部门及其交通警察有本法第一百一十五条所列行为之一，给当事人造成损失,triggers,应当依法承担赔偿责任
“道路”,triggers,公路、城市道路和虽在单位管辖范围但允许社会机动车通行的地方，包括广场、公共停车场等用于公众通行的场所
“车辆”,triggers,机动车和非机动车
“机动车”,triggers,以动力装置驱动或者牵引，上道路行驶的供人员乘用或者用于运送物品以及进行工程专项作业的轮式车辆
“非机动车”,triggers,以人力或者畜力驱动，上道路行驶的交通工具，以及虽有动力装置驱动但设计最高时速、空车质量、外形尺寸符合有关国家标准的残疾人机动轮椅车、电动自行车等交通工具
“交通事故”,triggers,车辆在道路上因过错或者意外造成的人身伤亡或者财产损失的事件
中国人民解放军和中国人民武装警察部队在编机动车牌证、在编机动车检验以及机动车驾驶人考核工作,triggers,由中国人民解放军、中国人民武装警察部队有关部门负责
对上道路行驶的拖拉机,triggers,由农业（农业机械）主管部门行使本法第八条、第九条、第十三条、第十九条、第二十三条规定的公安机关交通管理部门的管理职权
农业（农业机械）主管部门依照前款规定行使职权,triggers,遵守本法有关规定，并接受公安机关交通管理部门的监督
国家,triggers,对入境的境外机动车的道路交通安全实施统一管理
省、自治区、直辖市人民代表大会常务委员会,triggers,可以根据本地区的实际情况，在本法规定的罚款幅度内，规定具体的执行标准
自然灾害,triggers,公路交通突发事件
公路交通运输生产事故,triggers,公路交通突发事件
公共卫生事件,triggers,公路交通突发事件
社会安全事件,triggers,公路交通突发事件
Ⅰ级（特别重大）公路交通突发事件,triggers,由交通运输部负责处置
Ⅱ级（重大）公路交通突发事件,triggers,由省级交通运输主管部门负责处置
Ⅲ级（较大）公路交通突发事件,triggers,由地市级交通运输主管部门负责处置
Ⅳ级（一般）公路交通突发事件,triggers,由县级交通运输主管部门负责处置
公路交通突发事件,triggers,建立完善应急管理体制和机制
公路交通突发事件,triggers,提高突发事件预防和应对能力
公路交通突发事件,triggers,控制、减轻和消除公路交通突发事件引起的严重社会危害
公路交通突发事件,triggers,及时恢复公路交通正常运行
公路交通突发事件,triggers,保障公路畅通
公路交通突发事件,triggers,指导地方建立应急预案体系和组织体系
公路交通突发事件,triggers,增强应急保障能力
公路交通突发事件,triggers,满足有效应对公路交通突发事件的需要
公路交通突发事件,triggers,保障经济社会正常运行
公路交通突发事件应急预案,based_on,《中华人民共和国突发事件应对法》
公路交通突发事件应急预案,based_on,《中华人民共和国公路法》
公路交通突发事件应急预案,based_on,《中华人民共和国道路运输条例》
公路交通突发事件应急预案,based_on,《国家突发公共事件总体应急预案》
公路交通突发事件,triggers,应急领导小组审定相关公路交通应急预案及其政策、规划
公路交通突发事件,triggers,应急领导小组审定应急经费预算
公路交通突发事件,triggers,应急领导小组决定启动和终止Ⅰ级公路交通突发事件预警状态和应急响应行动
公路交通突发事件,triggers,应急领导小组负责统一领导Ⅰ级公路交通突发事件的应急处置工作，发布指挥调度命令，并督促检查执行情况
公路交通突发事件,triggers,根据国务院要求，或根据应急处置需要，指定成立现场工作组，并派往突发事件现场开展应急处置工作
公路交通突发事件,triggers,根据需要，会同国务院有关部门，制定应对突发事件的联合行动方案，并监督实施
公路交通突发事件,triggers,当突发事件由国务院统一指挥时，应急领导小组按照国务院的指令，执行相应的应急行动
公路交通突发事件,triggers,应急工作组在应急领导小组决定启动Ⅰ级公路交通突发事件预警状态和应急响应行动时自动成立
综合协调小组,triggers,起草重要报告、综合类文件
综合协调小组,triggers,根据应急领导小组和其他应急工作组的要求，统一向党中央、国务院和相关部门报送应急工作文件
公路抢通小组,triggers,组织公路抢修及保通工作，根据需要组织、协调跨省应急队伍调度和应急机械及物资调配
公路抢通小组,triggers,拟定跨省公路绕行方案并组织实施
公路抢通小组,triggers,负责协调社会力量参与公路抢通工作
公路抢通小组,triggers,拟定抢险救灾资金补助方案
运输保障小组,triggers,组织、协调人员、物资的应急运输保障工作
运输保障小组,triggers,负责协调与其他运输方式的联运工作
运输保障小组,triggers,拟定应急运输征用补偿资金补助方案
通信保障小组,triggers,负责信息系统通信保障工作
通信保障小组,triggers,负责电视电话会议通信保障工作
通信保障小组,triggers,保障交通运输部向地方公路交通应急管理机构下发应急工作文件的传真和告知工作
新闻宣传小组,triggers,收集、处理相关新闻报道，及时消除不实报道带来的负面影响
新闻宣传小组,triggers,按照应急领导小组要求，筹备召开新闻发布会，向社会通报突发事件影响及应急处置工作进展情况
新闻宣传小组,triggers,负责组织有关新闻媒体，宣传报道应急处置工作中涌现出的先进事迹与典型
新闻宣传小组,triggers,指导地方应急管理机构新闻发布工作
后勤保障小组,triggers,负责应急状态期间24小时后勤服务保障工作
恢复重建小组,triggers,负责公路受灾情况统计，组织灾后调研工作
恢复重建小组,triggers,拟定公路灾后恢复重建方案并组织实施
总结评估小组,triggers,编写应急处置工作大事记
总结评估小组,triggers,对突发事件情况、应急处置措施、取得的主要成绩、存在的主要问题等进行总结和评估，提出下一步工作建议，并向应急领导小组提交总结评估报告
路网中心,triggers,负责国家高速公路网、普通国道干线公路、重要客运枢纽的运行监测及有关信息的收集和处理，向社会发布公路出行信息
路网中心,triggers,负责与国家突发公共事件应急体系建立信息共享机制，及时获取自然灾害、公共卫生事件、社会安全事件等与公路交通相关的预警信息
路网中心,triggers,负责与国家其他运输方式应急管理机构建立协作机制，及时获取其他运输方式的运行状态信息
路网中心,triggers,负责与国家相关部门建立协作机制，及时获取气象、地质灾害等预警信息
路网中心,triggers,负责与各省级公路交通应急管理机构建立信息共享机制，及时获取地方公路交通突发事件信息
路网中心,triggers,负责组织开展公路交通应急技术研究与应用，建立专家咨询组
路网中心,triggers,负责应急预案的修订、完善与备案
路网中心,triggers,负责应急宣传、教育、培训、演练的组织与管理
路网中心,triggers,负责应急保障体系建设，包括应急队伍、物资储备、通信信息、资金保障等
路网中心,triggers,负责应急能力评估与监督检查
公路交通突发事件,triggers,专家咨询组组织有关部门和专家分析研究公路交通突发事件情况和发展趋势，提出对策
公路交通突发事件,triggers,专家咨询组向应急领导小组提交应急处置总结报告
公路交通突发事件,triggers,现场工作组负责现场应急处置工作的组织与协调
公路交通突发事件,triggers,现场工作组负责与地方政府的协调联络
公路交通突发事件,triggers,现场工作组负责信息上报与发布
公路交通突发事件,triggers,现场工作组负责应急资源调配
公路交通突发事件,triggers,现场工作组负责善后处置与恢复重建
预警信息,triggers,预测、预警支持系统
预警分级,triggers,预警启动程序
预警终止,triggers,预警终止程序
公路交通突发事件,triggers,应急资源征用
分级响应,triggers,应急响应启动程序
公路交通突发事件,triggers,信息报送与处理
公路交通突发事件,triggers,指挥与协调
公路交通突发事件,triggers,国家应急物资调用
公路交通突发事件,triggers,跨省支援
应急响应终止,triggers,应急响应终止程序
公路交通突发事件,triggers,善后处置
公路交通突发事件,triggers,调查与评估
公路交通突发事件,triggers,补偿
公路交通突发事件,triggers,恢复重建
公路交通突发事件,triggers,信息共享
公路交通突发事件,triggers,信息发布
公路交通突发事件,triggers,新闻发布与宣传
各级交通运输主管部门,triggers,按照“平急结合、因地制宜，分类建设、分级负责，统一指挥、协调运转”的原则建立公路交通突发事件应急队伍
国家公路交通应急抢险保通队伍,triggers,武警交通部队纳入国家应急救援力量体系，作为国家公路交通应急抢险保通队伍，兵力调动使用按照有关规定执行
地方公路交通应急抢险保通队伍,triggers,省、市级公路交通应急管理机构负责应急抢通保障队伍的组建和日常管理
地方公路交通应急抢险保通队伍,triggers,构建以高速公路及普通国省干线公路养护管理部门、路政管理部门、公路经营管理单位、公路养护工程企业为主体的公路交通应急抢通保障队伍
地方公路交通应急抢险保通队伍,triggers,按照路网规模、结构、地域分布特点，采取全社会范围内的公开招投标的方式择优选择公路养护工程企业，并与之签订合作合同
公路交通突发事件发生时,triggers,由公路抢通小组统一调度各类储备物资和设备，组织实施跨省的应急抢险、救援工作
应急运输保障队伍,triggers,地方交通运输主管部门负责所辖区域内的应急运输保障队伍建设工作，按照“平急结合、分级储备、择优选择、统一指挥”的原则在本辖区内建立应急运力储备
应急运输保障队伍,triggers,选择达到一定标准的道路客货运输企业，通过协商签订突发事件运力调用协议
特别重大公路突发事件（Ⅰ级）,triggers,由运输保障小组负责协调运力调配，保障各类重点物资、抢险救灾物资的运输和人员的疏散
应急运输车辆的技术等级要求达到二级以上技术标准，车辆使用年限不超过5年，或行驶里程不超过15万公里,triggers,建立应急运输车辆技术档案制度，及时了解和掌握车辆的技术状况
应急运输车辆所属单位,triggers,保持应急运输储备车辆处于良好的技术状况，并强化应急运输车辆的日常养护与保养工作
地方交通运输主管部门,triggers,结合所辖区域内突发事件的特征确定相应的应急运输装备，以满足不同种类的应急运输需求
公路交通应急管理机构和执行应急运输保障单位,triggers,按照相关标准确定从事应急运输的人员，包括现场管理人员、驾驶员、押运员和装卸员
应急运输人员在执行应急运输任务时,triggers,由公路交通应急管理机构统一配发证件和必要的用品
应急运力的备案管理,triggers,建立相应的应急运力储备档案，包括运力单位、车辆及其吨（座）位数、类型及人员数量等，并上报上级公路交通应急管理机构备案
应急运力的备案管理,triggers,每年针对储备运力的技术状况、单位及人员变动情况进行审查，对运力储备及时进行调整、补充，及时上报上级应急管理机构更新备案
公路交通自有应急力量不能满足应急处置需求时,triggers,向同级人民政府提出请求，请求动员社会力量，协调人民解放军、武警部队参与应急处置工作
应急管理机构,triggers,协调有关部门提供不同类型公共突发事件应急人员的安全防护装备并发放使用说明，采取必要的安全防护措施
应急管理机构,triggers,为应急处置过程中有安全风险的工作人员投保人身意外险
应急物资储备,triggers,建立实物储备与商业储备相结合、生产能力储备与技术储备相结合、政府采购与政府补贴相结合的应急物资储备方式，强化应急物资储备能力
地方交通运输主管部门,triggers,采取社会租赁和购置相结合的方式，储备一定数量的机械
全国高速公路的分布情况,triggers,根据全国高速公路的分布情况，确保应急物资调运的时效性和覆盖区域的合理性，以“因地制宜、规模适当、合理分布、有效利用”为原则，结合各地区的气候与地质条件，建立若干国家公路交通应急物资储备点
地方公路交通应急物资储备,triggers,省、市交通运输主管部门应根据辖区内公路交通突发事件发生的种类和特点，结合公路抢通和应急运输保障队伍的分布，依托行业内养护施工企业和道路运输企业的各类设施资源，合理布局、统筹规划建设本地区公路交通应急物资储备点
国家公路交通应急物资储备,triggers,实行应急物资代储管理制度，由交通运输部负责监管，物资的调度和使用须经交通运输部同意
担负国家公路交通应急物资储备任务的省级交通运输主管部门,triggers,为代储单位，负责具体建设与管理工作
代储单位,triggers,对储备物资实行封闭式管理，专库存储，专人负责
代储单位,triggers,建立健全各项储备管理制度，包括物资台账和管理经费会计账等
储备物资入库、保管、出库等,triggers,有完备的凭证手续
代储单位,triggers,按照交通运输部要求，对新购置入库物资进行数量和质量验收，并在验收工作完成后5个工作日内将验收入库的情况上报路网中心
地方公路交通运输主管部门,triggers,建立完善的各项应急物资管理规章制度，制定采购、储存、更新、调拨、回收各个工作环节的程序和规范,加强物资储备过程中的监管，防止储备物资设备被盗用、挪用、流失和失效，对各类物资及时予以补充和更新
公路交通应急平台体系,triggers,在充分整合现有交通通信信息资源的基础上，加快建立和完善“统一管理、多网联动、快速响应、处理有效”的公路交通应急平台体系
各级公路交通应急平台,triggers,根据公路交通领域突发公共事件信息的接报处理、跟踪反馈和应急处置等应急管理需要，实现与上下级公路交通应急平台的互联互通，具有风险隐患监测、综合预测预警、信息接报与发布、综合研判、辅助决策、指挥调度、异地会商、应急保障、应急评估、模拟演练和综合业务管理等功能，并能够及时向上级公路交通应急平台提供数据、图像、资料等
公路交通应急平台,triggers,包括应急指挥场所、移动应急平台、基础支撑系统、数据库系统、综合应用系统、信息接报与发布系统、安全保障体系和标准规范体系
公路交通突发事件,triggers,依托科研机构,加强应对公路交通突发事件技术支撑体系研究，建立突发事件管理技术的开发体系和储备机制
公路交通突发事件,triggers,制订研发计划，借鉴国际先进经验，重点加强智能化的应急指挥通信技术装备、辅助决策技术装备、特种应急抢险技术装备的研制工作
公路交通突发事件,triggers,开展预警、分析、评估模型研究，提高防范和处置重大公路交通突发事件的决策水平
公路交通突发事件,triggers,建立包括专家咨询、知识储备、应急预案、应急资源等数据库
公路交通应急保障所需的各项经费,triggers,按照现行事权、财权划分原则，分级负担，并按规定程序列入各级交通运输主管部门年度财政预算中
国家和地方公路交通专业应急队伍建设以及应急物资储备点的物资采购、运输、储存的相关费用,triggers,纳入各级财政预算
路网中心,triggers,根据每年开展宣传、教育、培训、演练等日常工作所需经费编列年度预算，报应急领导小组审批，并统一统一负责该项工作经费的管理与使用
受突发事件影响较大和财政困难的地区,triggers,应省级交通运输主管部门的请求，交通运输部根据实际情况给予适当支持
公路交通突发事件应急保障资金,triggers,鼓励自然人、法人或者其他组织按照有关法律、法规的规定进行捐赠和援助
各级交通运输主管部门,triggers,建立有效的监管和评估体系，对公路交通突发事件应急保障资金的使用和效果进行监管和评估
路网中心,triggers,负责协同有关部门制订应急演练计划并组织部省联合应急演练活动
地方公路应急管理机构,triggers,结合所辖区域实际，有计划、有重点地组织预案演练
路网中心,triggers,会同有关部门组织编写统一的公路交通突发事件应急处置培训大纲和教材，编印各类通俗读本，做到图文并茂、通俗易懂、携带方便、快速查询，提高宣传与培训效果
路网中心,triggers,通过广播、电视、网络、报刊、图书等多种渠道,加强公路交通应急保障的宣传工作
各级交通运输主管部门,triggers,将应急宣传教育培训工作纳入日常管理工作并作为年度考核指标，定期开展应急培训工作
应急保障相关人员,triggers,每两年应至少接受一次相关知识的培训，并依据培训记录和考试成绩实施应急人员的动态管理，提高公路交通应急保障人员的素质和专业技能
各级公路交通应急管理机构,triggers,定期开展公路交通突发事件应急能力评估工作，建立规范化的评估机制，综合路网规模、组织体系、重大危险源分布、通信保障、应急队伍数量、规模、分布等因素，制定客观、科学的评价指标，提出评估方法和程序
公路交通突发事件应急处置工作,triggers,实行行政领导负责制和责任追究制
对应急管理工作中做出突出贡献的先进集体和个人,triggers,及时地给予宣传、表彰和奖励
迟报、谎报、瞒报和漏报重要信息或者应急管理工作有其他失职、渎职行为,triggers,依法对有关责任人给予行政处分
构成犯罪,triggers,依法追究刑事责任
路网中心,triggers,会同有关部门定期对相关应急预案的执行情况进行检查，发现问题和提出改进意见，并根据实际情况的变化，及时修订本预案，上报国务院备案，并抄报有关部门
本预案所依据的法律法规做出调整或修改，或国家出台新的应急管理相关法律法规,triggers,更新预案
原则上每两年组织修订、完善应急预案,triggers,更新预案
根据日常应急演练和特别重大公路交通突发事件应急行动结束后取得的经验，需对预案做出修改,triggers,更新预案
因机构改革需要对应急管理机构进行调整,triggers,更新预案
公路交通应急抢险保通和应急运输保障队伍及物资的数据资料,triggers,每年更新一次
地方交通运输主管部门,triggers,根据形势变化和实际需要，及时修订和更新相关应急预案
造成一次死亡3人以下的道路交通事故,triggers,一般道路交通事故
造成一次死亡3人以上、10人以下的道路交通事故,triggers,较大道路交通事故
造成一次死亡10人以上30人以下的道路交通事故,triggers,重大道路交通事故
造成一次死亡30人以上的道路交通事故,triggers,特别重大道路交通事故
道路交通事故,triggers,建立健全道路交通事故应急救援机制
道路交通事故,triggers,规范应急救援程序
道路交通事故,triggers,明确工作职责
道路交通事故,triggers,确保快速、高效、有序组织实施应急救援工作
道路交通事故,triggers,最大限度减少人员伤亡、财产损失和社会影响
道路交通事故,triggers,维护人民群众生命财产安全和社会稳定
道路交通事故应急预案,based_on,《中华人民共和国突发事件应对法》
道路交通事故应急预案,based_on,《中华人民共和国安全生产法》
道路交通事故应急预案,based_on,《中华人民共和国道路交通安全法》
道路交通事故应急预案,based_on,《中华人民共和国环境保护法》
道路交通事故应急预案,based_on,《中华人民共和国道路交通安全法实施条例》
道路交通事故应急预案,based_on,《生产安全事故报告和调查处理条例》
道路交通事故应急预案,based_on,《危险化学品安全管理条例》
道路交通事故应急预案,based_on,《道路交通事故处理程序规定》
道路交通事故应急预案,based_on,《山东省突发事件应对条例》
道路交通事故应急预案,based_on,《山东省实施〈中华人民共和国道路交通安全法〉办法》
道路交通事故应急预案,based_on,《青岛市突发事件应对条例》
道路交通事故应急预案,based_on,《山东省重特大道路交通事故应急预案》
道路交通事故应急预案,based_on,《青岛市突发事件总体应急预案》
风险评估,triggers,加强对本地区、本领域、本单位的风险评估，有针对性制定应对措施或应急预案
风险评估,triggers,做好道路交通事故预防工作
道路交通事故信息监测预警体系,triggers,可采取专业监测、视频监控、巡查、公众报警等方式多渠道收集信息
可能发生的道路交通事故,triggers,及时进行预警
有关预警信息,triggers,多渠道发布，并提出防范应对工作要求
历年道路交通事故情况汇总、年度气候趋势预测等,triggers,对道路交通事故形势进行分析、研判、预测
外地已发生的道路交通事故,triggers,按照“高度敏感、注重关联”的原则做好防范、预测，及时完善防控应对措施
预警级别,triggers,由低到高划分为四级、三级、二级、一级共4个预警级别，依次采用蓝色、黄色、橙色和红色标识
蓝色、黄色预警,triggers,由市专项应急指挥部办公室发布
橙色、红色预警,triggers,由市专项应急指挥部发布，同时向省政府及省级公安机关报告
预警发布后,triggers,落实24小时带值班制度，加强信息监控、收集，根据实际情况及时采取相关预防措施
预警发布后,triggers,相关部门及时收集、报告信息，向社会公布反映道路交通事故信息的渠道,加强对道路交通事故发生、发展情况的监测、预报和预警工作
预警发布后,triggers,组织相关部门、技术人员、有关专家及时对道路交通事故进行分析评估，预测发生衍生事件的可能性、影响范围、强度以及可能发生衍生事件的级别
预警发布后,triggers,及时按照有关规定向社会发布、宣传道路交通安全常识，公布咨询电话
预警发布后,triggers,通知相关应急救援队伍和人员进入待命状态，并动员后备人员做好参加应急救援和处置工作的准备
预警发布后,triggers,检查、调集所需应急救援物资和设备，并确保其处于良好状态、随时可投入正常使用
预警发布后,triggers,采取必要措施，确保道路交通安全
预警发布后,triggers,转移、疏散或者撤离易受道路交通事故危害的人员并予以妥善安置，转移重要财产，并妥善安置
预警发布后,triggers,调度有关应急队伍赴现场进行处置
预警发布后,triggers,法律、法规、规章规定采取的其他必要的防范性、保护性措施
事态的发展,triggers,按照有关规定适时调整预警级别
不可能发生道路交通事故或者危险已经解除,triggers,发布预警的部门应当立即宣布解除警报，终止预警，并解除已经采取的有关措施
道路交通事故发生后,triggers,事发地区（市）政府、市政府有关部门要立即将有关情况向属地政府、上级人民政府及其有关主管部门进行报告
重特大道路交通事故,triggers,公安机关应当向本级政府和上级公安机关报告，同时抄报本级应急部门
道路交通事故,triggers,市专项应急指挥部应当向省政府报告，事故报告后出现新情况的，应当及时续报
接到道路交通事故报警后,triggers,事发地区（市）政府、市政府有关部门应于20分钟内以电话形式、50分钟内以书面形式向市专项应急指挥部办公室、市政府总值班室报告初步情况，并确保与报告其他部门的信息同步
核报的信息,triggers,于20分钟内以电话形式、50分钟内以书面形式进行报告
后续,triggers,采用网络、传真等方式书面报告
接到国家、省、市领导批示,triggers,办理情况也应及时向市专项应急指挥部办公室报告，由市专项应急指挥部办公室负责汇总，分别向市专项应急指挥部、市政府总值班室进行报告
道路交通事故发生后,triggers,事发地区（市）政府、市公安、交通运输、气象等单位立即启动相关预案进行应急响应
道路交通事故发生后,triggers,疏散现场周边无关人员，采取有效措施控制事态发展，组织开展应急处置工作，并及时向属地政府、上级政府及其有关部门报告
接报的区（市）政府、市政府有关部门,triggers,按照预案和有关规定，组织、协调、动员有关专业应急力量和人民群众进行先期处置
接报的区（市）政府、市政府有关部门,triggers,组织专家进行会商，及时对事件的性质、类别、危害程度、影响范围、防护措施、发展趋势等进行评估上报
接报的区（市）政府、市政府有关部门,triggers,采取有效措施控制事态发展
超出我市应对能力时,triggers,提请上级党委、政府或有关部门响应应对
对于敏感的、可能有次生或衍生危害性的道路交通事故或预警信息,triggers,加强监测预警，组织专家会商研判，按有关规定做好信息报告、发布和舆情应对
一般道路交通事故,triggers,由事发地县级政府启动应急响应，组织调动乡镇（街道）政府，以及区（市）综合、专业等应急救援队伍和资源进行先期处置
较大道路交通事故,triggers,由事发地地市级政府启动应急响应，组织调动乡镇（街道）政府，以及市综合、专业等应急救援队伍和资源进行协同处置
重大道路交通事故,triggers,由市专项应急指挥部办公室提出建议，报总指挥批准启动应急响应，组织调动区（市）政府，以及市综合、专业等应急救援队伍和资源进行先期处置
特别重大道路交通事故,triggers,由市专项应急指挥部提出建议，报市政府主要领导批准启动应急响应，组织调度全市应急救援队伍和资源进行协同处置
一般道路交通事故,triggers,区（市）政府分管领导或区（市）政府部门主要领导赶赴现场指挥协调处置
一般道路交通事故中的敏感事件、具有次生或衍生危害性的事件,triggers,区（市）政府主要领导或分管领导应赶赴现场指挥协调处置
一般道路交通事故中的敏感事件、具有次生或衍生危害性的事件,triggers,市专项应急指挥部副总指挥、有关成员单位分管领导应根据需要赶赴现场或到市专项应急指挥部进行协调处置
较大道路交通事故,triggers,区（市）政府主要领导或分管领导，市专项应急指挥部副总指挥、有关成员单位主要领导或分管领导应赶赴现场指挥协调处置
较大道路交通事故中的敏感事故、具有次生或衍生危害性的事故、人员伤亡和财产损失较多的事故等,triggers,区（市）政府主要领导，市专项应急指挥部总指挥、有关成员单位主要领导根据需要赶赴现场或到市专项应急指挥部指挥协调处置
重大道路交通事故,triggers,区（市）政府主要领导，市专项应急指挥部总指挥、有关成员单位主要领导赶赴现场指挥协调处置
重大道路交通事故,triggers,市政府主要领导赶赴现场或到市应急指挥中心指挥协调处置
特别重大道路交通事故,triggers,市委、市政府主要领导赶赴现场指挥协调处置
涉及我市两个或两个以上区（市）行政区域突发道路交通事故,triggers,由市专项应急指挥部指挥协调处置
重大及以上道路交通事故，国家、省成立应急指挥部或派出工作组后,triggers,在其指挥下开展处置工作
应急处置工作需要,triggers,市专项应急指挥部负责组建现场指挥部，视情成立若干工作组,并建立现场指挥部相关运行工作制度，分工协作有序开展现场处置和救援工作
综合协调组,triggers,负责综合协调、公文运转、会议组织、会议纪要、信息简报、综合文字，资料收集归档，抢险救援证件印制发放，处置信息调度、汇总、上报，与上级工作组的协调联络等工作
现场处置组,triggers,负责现场保护、现场勘查、调查取证、疏导交通和维护现场秩序
抢险救援组,triggers,组织协调事故发生地区（市）政府及相关部门进行现场救护和抢险救援
医疗救援组,triggers,负责组织医疗队伍对受伤人员进行医疗救治工作
专家组,triggers,根据各单位上报和现场收集掌握的信息，对事件进行评估研判，向市专项应急指挥部提出处置措施建议，视情向社会公众解答有关专业技术问题等工作
新闻宣传组,triggers,负责协调新闻媒体报道，视情组织新闻发布会,加强与媒体记者对接，做好网络舆情的收集、研判、应对及公众自救防护知识宣传等工作
涉外工作组,triggers,负责协助相关部门妥善处置涉及外国人伤亡的交通事故
善后工作组,triggers,负责伤亡人员及家属的接待、安抚、抚恤和善后处置工作
事故调查组,triggers,负责对道路交通事故进行调查
道路交通事故发生地区（市）政府和有关单位接到道路交通事故救援信息后,triggers,立即派出有关人员赶赴现场，按照预案和处置规程，协同配合，共同实施应急处置行动
现场施救,triggers,各应急救援队伍快速进行现场施救，全力控制事故态势，防止扩大
医疗救治人员到达现场之前,triggers,事先到达事故现场的应急救援力量应当按照救护操作规程，对伤员进行现场分类检伤，对伤情危重者开展现场急救
公安机关,triggers,积极协助医疗急救部门运送伤员，必要时可以征用事故现场的过往车辆
公安机关交通管理部门赶赴现场后,triggers,应立即采取有效措施分流车辆、疏导交通，保护现场痕迹物证，固定相关证据
消防救援队伍,triggers,负责破拆抢救受伤、受困人员，对事故车辆进行灭火，堵漏、稀释有害物质等施救工作
公安机关其他警力,triggers,负责做好现场治安秩序维护和人员疏散工作
车辆坠河等事故,triggers,事故发生地区（市）政府负责调集专业人员、工具进行营救、打捞
医疗救护,triggers,卫生健康部门负责组织开展对事故受伤人员的紧急医疗救护和现场疾病预防控制工作
应急救援人员的安全防护,triggers,参加现场应急救援的人员，必须加强个人安全防护
应急指挥部,triggers,负责组织采取各种现场安全防护措施，严格执行人员进出事故现场的管理程序
群众的安全防护,triggers,市专项应急指挥部根据事故具体情况，明确群众安全防护的必要措施，决定应急状态下群众疏散的范围、方式、程序并组织实施
群众的安全防护,triggers,协调卫生健康部门组织医疗防疫与疾病控制
事故管辖地公安机关,triggers,负责设置事故现场警戒，实施交通管制，疏散现场无关人员，防止事故扩大和蔓延
特殊类型事故处置,triggers,公安、消防救援、应急、交通运输、卫生健康、生态环境等部门按照职责进行现场处置，同时启动相关预案的应急响应
车辆坠河等事故引发重大火灾、危险化学品泄漏等特殊道路交通事故时,triggers,由青岛警备区协调防化部队支援处置严重危险化学品泄漏事故
现场施救完毕后,triggers,应及时清理现场，修复受损交通设施，恢复正常交通秩序
一时难以排除的隐患,triggers,应及时采取改道分流等措施恢复道路交通
道路交通事故进一步扩大，预计以我市现有应急资源难以有效处置，或道路交通事故造成直接或间接灾害巨大,triggers,由市专项应急指挥部提出建议，经市政府领导同意，向省、国家有关方面请求支援
道路交通事故发生后,triggers,市专项应急指挥部与周边地市相关业务主管部门建立应急联动机制，明确通信联络信息共享、队伍及资源调动程序等，确保道路交通事故发生后能够快速、有序、协同应对
道路交通事故发生后,triggers,市专项应急指挥部应根据处置需要，通过广播、电视、报纸、网站、户外显示屏、短信等向社会公众发布防范、应对提示，动员全社会力量协助做好救援处置工作
各项应急行动结束、应急工作实施完毕、事故影响消除后,triggers,由分级响应启动单位决定和宣布现场应急处置结束，各有关单位应及时补充应急所需物资和器材，重新回到应急准备状态
道路交通事故处置结束,triggers,区（市）政府、市政府有关部门要按规定及时调拨救助资金和物资，迅速做好环境污染消除工作
应急处置中的伤亡人员、工作人员，以及紧急调集、征用有关单位和个人的物资,triggers,依法依规给予抚恤、补助或补偿
道路交通事故,triggers,由公安机关交通管理部门和司法机关依法进行
伤亡人员较多、肇事车主和保险公司均无力承担相关善后费用,triggers,由道路交通事故社会救助基金按规定先行垫付
救助基金无力垫付,triggers,由事故发生地区（市）政府垫付
保险理赔,triggers,保险机构要依据法律法规和保险合同，按照救援优先、特事特办原则，在机动车交强险医疗费用赔偿限额内先行垫付相关费用，积极开展赔付工作
道路交通事故,triggers,市专项应急指挥部应及时组织有关部门对事故的起因、性质、影响、责任、经验教训等进行调查分析和总结评估，形成评估总结报告
重特大道路交通事故,triggers,市专项应急指挥部应对应急处置工作进行全面总结，并上报省政府及省有关部门
道路交通事故处置结束,triggers,区（市）政府和市政府有关部门要对受灾情况、重建能力及可利用资源全面评估，有针对性地制定灾后重建和恢复生产、生活计划，并组织实施
道路交通事故的信息发布,triggers,应当遵循依法、及时、准确、客观的原则
道路交通事故发生后,triggers,区（市）政府、市专项应急指挥部要在道路交通事故发生后视情向社会发布基本情况，随后发布初步核实情况、事故进展、政府应对措施和公众安全防范措施等，并根据处置情况做好后续发布工作
一般道路交通事故的信息,triggers,由事发地区（市）政府负责发布
较大及以上道路交通事故的信息,triggers,由市专项应急指挥部或在上级应急指挥部机构领导下统一发布
道路交通事故发生后,triggers,区（市）政府、市专项应急指挥部要组织做好网络和媒体的舆情应对，及时回应群众关切问题
实际需要,triggers,市、区（市）政府有关部门应当根据实际需要，建立专业应急救援队伍,加强对应急救援队伍专业和职业技能的培训，配备足够的防护装备和器材，提高抢险救援和安全防护能力，减少应急救援人员的人身伤害风险
通信与信息保障,triggers,市专项应急指挥部办公室协调有关部门，建立稳定、可靠、便捷、保密的通讯手段，明确处置道路交通事故参与部门、单位和有关人员的通讯联系方式，并建立备用方案和通讯录，确保处置行动能够快速、有效展开
道路交通事故现场施救及受伤人员的抢救治疗工作,triggers,市、区（市）政府应按照事权和支出责任等有关规定及时拨付资金
技术储备与保障,triggers,成立市道路交通事故应急专家组，明确联系方式，为应急救援决策提供支持
技术储备与保障,triggers,依托有关院校和科研机构，建立应急技术信息系统
技术储备与保障,triggers,组织开展道路交通事故应急处置、救援等技术研究，不断提高处置和救援工作水平
医疗卫生保障,triggers,事故发生地区（市）卫生健康部门要制定突发事件医疗卫生救援应急预案，组建相应的医疗卫生专业应急救援队伍，组织协调卫生应急药品、医疗设备和器械、防护用品等物资采购和筹备，确保医疗救援工作迅速、高效、有效开展
治安保障,triggers,事故管辖地区（市）公安部门必要时可以实施交通管制，对道路交通事故现场外围的交通路口实施定向、定时封锁，严格控制进出现场人员，避免造成人员伤亡或引起现场混乱
治安保障,triggers,指挥事故现场内人员的撤离，保障车辆顺利通行，指引应急救援车辆进入现场，及时疏通堵塞路段
治安保障,triggers,维护撤离区和人员安置区场所社会治安，加强撤离区内和各封锁路口附近重要目标和财产的安全保护
救援力量保障,triggers,市、区（市）政府要加大资金投入，为公安交警、消防救援、卫生健康等部门配备通讯器材、现场照明车、勘查车、吊车、清障车、急救指挥车、应急救援车等应急救援装备，切实提高道路交通事故应急救援能力
救援力量保障,triggers,积极引入社会救援力量参与应急救援工作，选择信誉好、装备精良、施救能力强的单位作为救援联动单位，一旦发生道路交通事故，能够迅速赶赴现场进行施救，及时恢复道路交通并救援受困人员
宣教培训,triggers,市政府有关部门、区（市）政府应利用新闻媒体、网站、报刊、举办专题培训班等多种形式，广泛开展道路交通事故应急知识的宣传、培训和教育活动
预案发布后,triggers,市专项应急指挥部办公室要对相关指挥员、应急救援队伍进行预案解读培训，使其熟悉应急职责、响应程序和处置措施，切实提高应急联动处置能力
应急演练,triggers,市专项应急指挥部办公室负责制定年度应急演练计划，围绕情景模拟，针对性编制演练方案、演练脚本，因地制宜组织开展桌面推演、实战演练，按规定做好演练量化指标评估
应急演练,triggers,按照规定时限进行道路交通事故演练，演练计划、演练方案、演练脚本、演练评估和演练音像资料要及时归档备查
本预案执行情况,triggers,市专项应急指挥部负责对本预案执行情况进行检查，督促有关部门和单位对存在的问题进行整改
应急处置工作中推诿扯皮、不作为，道路交通事故信息迟报、漏报、谎报、瞒报，现场处置中失职、渎职，信息发布不力，以及应急准备中对责任应尽未尽并造成严重后果等不履行或不当履行法定职责,triggers,由有关部门依法依规追究责任
本辖区道路交通事故突发事件应急预案,triggers,各区（市）政府参照本预案，结合实际情况，制定本辖区道路交通事故突发事件应急预案，报市专项应急指挥部办公室备案
应急处置和演练总结评估情况,triggers,市专项应急指挥部办公室按照有关规定，结合应急处置和演练总结评估情况，适时组织对本预案进行修订